kind,name,detail,position,data_type,is_nullable,column_default
column,accounts,id,1,uuid,NO,gen_random_uuid()
column,accounts,tenant_id,2,uuid,NO,null
column,accounts,account_number,3,integer,NO,null
column,accounts,account_name,4,text,NO,null
column,accounts,account_type,5,text,NO,null
column,accounts,account_subtype,6,text,NO,''::text
column,accounts,normal_balance,7,text,NO,null
column,accounts,description,8,text,NO,''::text
column,accounts,is_active,9,boolean,NO,true
column,accounts,parent_account_number,10,integer,YES,null
column,accounts,created_at,11,timestamp with time zone,NO,now()
column,ai_conversations,id,1,uuid,NO,gen_random_uuid()
column,ai_conversations,tenant_id,2,uuid,NO,null
column,ai_conversations,job_id,3,uuid,YES,null
column,ai_conversations,project_id,4,uuid,YES,null
column,ai_conversations,user_id,5,uuid,YES,null
column,ai_conversations,context_type,6,text,NO,null
column,ai_conversations,messages,7,jsonb,NO,'[]'::jsonb
column,ai_conversations,model,8,text,NO,'claude-sonnet-4-5'::text
column,ai_conversations,input_tokens,9,integer,YES,null
column,ai_conversations,output_tokens,10,integer,YES,null
column,ai_conversations,created_at,11,timestamp with time zone,NO,now()
column,ai_conversations,updated_at,12,timestamp with time zone,NO,now()
column,ai_generated_content,id,1,uuid,NO,gen_random_uuid()
column,ai_generated_content,tenant_id,2,uuid,NO,null
column,ai_generated_content,job_id,3,uuid,YES,null
column,ai_generated_content,project_id,4,uuid,YES,null
column,ai_generated_content,user_id,5,uuid,YES,null
column,ai_generated_content,content_type,6,text,NO,null
column,ai_generated_content,source_record_id,7,uuid,YES,null
column,ai_generated_content,prompt_version,8,text,YES,null
column,ai_generated_content,ai_draft,9,text,NO,null
column,ai_generated_content,final_content,10,text,YES,null
column,ai_generated_content,was_edited,11,boolean,YES,null
column,ai_generated_content,was_used,12,boolean,YES,null
column,ai_generated_content,conversation_id,13,uuid,YES,null
column,ai_generated_content,created_at,14,timestamp with time zone,NO,now()
column,ai_insights,id,1,uuid,NO,gen_random_uuid()
column,ai_insights,tenant_id,2,uuid,NO,null
column,ai_insights,job_id,3,uuid,YES,null
column,ai_insights,project_id,4,uuid,YES,null
column,ai_insights,type,5,insight_type,NO,null
column,ai_insights,severity,6,insight_severity,NO,'info'::insight_severity
column,ai_insights,title,7,text,NO,null
column,ai_insights,body,8,text,NO,null
column,ai_insights,data,9,jsonb,NO,'{}'::jsonb
column,ai_insights,suggested_action,10,text,YES,null
column,ai_insights,acknowledged_at,11,timestamp with time zone,YES,null
column,ai_insights,acknowledged_by,12,uuid,YES,null
column,ai_insights,resolved_at,13,timestamp with time zone,YES,null
column,ai_insights,expires_at,14,timestamp with time zone,YES,null
column,ai_insights,created_at,15,timestamp with time zone,NO,now()
column,ai_job_runs,id,1,uuid,NO,gen_random_uuid()
column,ai_job_runs,tenant_id,2,uuid,NO,null
column,ai_job_runs,job_name,3,text,NO,null
column,ai_job_runs,status,4,text,NO,null
column,ai_job_runs,projects_scanned,5,integer,YES,null
column,ai_job_runs,insights_generated,6,integer,YES,null
column,ai_job_runs,error_message,7,text,YES,null
column,ai_job_runs,started_at,8,timestamp with time zone,NO,now()
column,ai_job_runs,completed_at,9,timestamp with time zone,YES,null
column,audit_log,id,1,bigint,NO,nextval('audit_log_id_seq'::regclass)
column,audit_log,tenant_id,2,uuid,YES,null
column,audit_log,user_id,3,uuid,YES,null
column,audit_log,table_name,4,text,NO,null
column,audit_log,record_id,5,uuid,NO,null
column,audit_log,action,6,text,NO,null
column,audit_log,old_values,7,jsonb,YES,null
column,audit_log,new_values,8,jsonb,YES,null
column,audit_log,ip_address,9,inet,YES,null
column,audit_log,created_at,10,timestamp with time zone,NO,now()
column,budget_line_items,id,1,uuid,NO,gen_random_uuid()
column,budget_line_items,budget_id,2,uuid,NO,null
column,budget_line_items,estimate_line_item_id,3,uuid,YES,null
column,budget_line_items,tenant_id,4,uuid,NO,null
column,budget_line_items,job_id,5,uuid,NO,null
column,budget_line_items,account_id,6,uuid,YES,null
column,budget_line_items,description,7,text,NO,null
column,budget_line_items,csi_division,8,text,YES,null
column,budget_line_items,trade,9,text,YES,null
column,budget_line_items,budgeted_cents,10,bigint,NO,0
column,budget_line_items,committed_cents,11,bigint,NO,0
column,budget_line_items,actual_cost_cents,12,bigint,NO,0
column,budget_line_items,billed_to_client_cents,13,bigint,NO,0
column,budget_line_items,sequence,14,integer,NO,0
column,budget_line_items,created_at,15,timestamp with time zone,NO,now()
column,budget_line_items,updated_at,16,timestamp with time zone,NO,now()
column,budgets,id,1,uuid,NO,gen_random_uuid()
column,budgets,tenant_id,2,uuid,NO,null
column,budgets,job_id,3,uuid,NO,null
column,budgets,estimate_id,4,uuid,YES,null
column,budgets,name,5,text,NO,null
column,budgets,status,6,budget_status,NO,'active'::budget_status
column,budgets,total_budgeted_cents,7,bigint,NO,0
column,budgets,total_committed_cents,8,bigint,NO,0
column,budgets,total_actual_cents,9,bigint,NO,0
column,budgets,notes,10,text,YES,null
column,budgets,created_by,11,uuid,YES,null
column,budgets,created_at,12,timestamp with time zone,NO,now()
column,budgets,updated_at,13,timestamp with time zone,NO,now()
column,change_order_line_items,id,1,uuid,NO,gen_random_uuid()
column,change_order_line_items,job_change_order_id,2,uuid,NO,null
column,change_order_line_items,budget_line_item_id,3,uuid,YES,null
column,change_order_line_items,tenant_id,4,uuid,NO,null
column,change_order_line_items,account_id,5,uuid,YES,null
column,change_order_line_items,description,6,text,NO,null
column,change_order_line_items,quantity,7,numeric,NO,1
column,change_order_line_items,unit,8,text,NO,'ls'::text
column,change_order_line_items,unit_cost_cents,9,bigint,NO,0
column,change_order_line_items,markup_pct,10,numeric,NO,0
column,change_order_line_items,total_cents,11,bigint,NO,0
column,change_order_line_items,csi_division,12,text,YES,null
column,change_order_line_items,sequence,13,integer,NO,0
column,change_order_line_items,created_at,14,timestamp with time zone,NO,now()
column,client_selections,id,1,uuid,NO,gen_random_uuid()
column,client_selections,category_id,2,uuid,NO,null
column,client_selections,option_id,3,uuid,YES,null
column,client_selections,tenant_id,4,uuid,NO,null
column,client_selections,project_id,5,uuid,NO,null
column,client_selections,customer_id,6,uuid,NO,null
column,client_selections,custom_description,7,text,YES,null
column,client_selections,custom_sku,8,text,YES,null
column,client_selections,custom_vendor,9,text,YES,null
column,client_selections,custom_price_cents,10,bigint,YES,null
column,client_selections,overage_cents,11,bigint,YES,null
column,client_selections,job_change_order_id,12,uuid,YES,null
column,client_selections,notes,13,text,YES,null
column,client_selections,selected_at,14,timestamp with time zone,YES,null
column,client_selections,approved_at,15,timestamp with time zone,YES,null
column,client_selections,approved_by,16,uuid,YES,null
column,client_selections,created_at,17,timestamp with time zone,NO,now()
column,customers,id,1,uuid,NO,gen_random_uuid()
column,customers,tenant_id,2,uuid,NO,null
column,customers,customer_name,3,text,NO,null
column,customers,company,4,text,NO,''::text
column,customers,email,5,text,NO,''::text
column,customers,phone,6,text,NO,''::text
column,customers,billing_address,7,text,NO,''::text
column,customers,property_address,8,text,NO,''::text
column,customers,notes,9,text,NO,''::text
column,customers,is_active,10,boolean,NO,true
column,customers,created_date,11,date,YES,null
column,customers,created_at,12,timestamp with time zone,NO,now()
column,customers,updated_at,13,timestamp with time zone,NO,now()
column,customers,portal_user_id,14,uuid,YES,null
column,customers,stripe_customer_id,15,text,YES,null
column,daily_log_photos,id,1,uuid,NO,gen_random_uuid()
column,daily_log_photos,daily_log_id,2,uuid,NO,null
column,daily_log_photos,document_id,3,uuid,NO,null
column,daily_log_photos,caption,4,text,YES,null
column,daily_log_photos,ai_caption,5,text,YES,null
column,daily_log_photos,sequence,6,integer,NO,0
column,daily_log_photos,is_client_visible,7,boolean,NO,true
column,daily_log_photos,created_at,8,timestamp with time zone,NO,now()
column,daily_logs,id,1,uuid,NO,gen_random_uuid()
column,daily_logs,tenant_id,2,uuid,NO,null
column,daily_logs,project_id,3,uuid,NO,null
column,daily_logs,date,4,date,NO,null
column,daily_logs,author_id,5,uuid,NO,null
column,daily_logs,weather,6,text,YES,null
column,daily_logs,temperature_f,7,integer,YES,null
column,daily_logs,crew_count,8,integer,YES,null
column,daily_logs,hours_worked,9,numeric,YES,null
column,daily_logs,work_performed,10,text,NO,null
column,daily_logs,materials_delivered,11,text,YES,null
column,daily_logs,equipment_used,12,text,YES,null
column,daily_logs,issues_or_delays,13,text,YES,null
column,daily_logs,visitors,14,text,YES,null
column,daily_logs,safety_incidents,15,text,YES,null
column,daily_logs,ai_client_summary,16,text,YES,null
column,daily_logs,ai_drafted_at,17,timestamp with time zone,YES,null
column,daily_logs,is_client_visible,18,boolean,NO,false
column,daily_logs,published_at,19,timestamp with time zone,YES,null
column,daily_logs,created_at,20,timestamp with time zone,NO,now()
column,daily_logs,updated_at,21,timestamp with time zone,NO,now()
column,document_embeddings,id,1,uuid,NO,gen_random_uuid()
column,document_embeddings,tenant_id,2,uuid,NO,null
column,document_embeddings,document_id,3,uuid,NO,null
column,document_embeddings,chunk_index,4,integer,NO,0
column,document_embeddings,chunk_text,5,text,NO,null
column,document_embeddings,embedding,6,vector,YES,null
column,document_embeddings,model,7,text,NO,'text-embedding-3-small'::text
column,document_embeddings,created_at,8,timestamp with time zone,NO,now()
column,document_folders,id,1,uuid,NO,gen_random_uuid()
column,document_folders,tenant_id,2,uuid,NO,null
column,document_folders,project_id,3,uuid,YES,null
column,document_folders,parent_id,4,uuid,YES,null
column,document_folders,name,5,text,NO,null
column,document_folders,type,6,document_type,YES,null
column,document_folders,sequence,7,integer,NO,0
column,document_folders,is_client_visible,8,boolean,NO,false
column,document_folders,created_at,9,timestamp with time zone,NO,now()
column,document_signatures,id,1,uuid,NO,gen_random_uuid()
column,document_signatures,document_id,2,uuid,NO,null
column,document_signatures,tenant_id,3,uuid,NO,null
column,document_signatures,signer_id,4,uuid,YES,null
column,document_signatures,signer_email,5,text,YES,null
column,document_signatures,signer_name,6,text,YES,null
column,document_signatures,status,7,signature_status,NO,'pending'::signature_status
column,document_signatures,token,8,text,YES,null
column,document_signatures,token_expires_at,9,timestamp with time zone,YES,null
column,document_signatures,signed_at,10,timestamp with time zone,YES,null
column,document_signatures,declined_at,11,timestamp with time zone,YES,null
column,document_signatures,declined_reason,12,text,YES,null
column,document_signatures,signature_data,13,text,YES,null
column,document_signatures,ip_address,14,inet,YES,null
column,document_signatures,user_agent,15,text,YES,null
column,document_signatures,created_at,16,timestamp with time zone,NO,now()
column,documents,id,1,uuid,NO,gen_random_uuid()
column,documents,tenant_id,2,uuid,NO,null
column,documents,project_id,3,uuid,YES,null
column,documents,folder_id,4,uuid,YES,null
column,documents,type,5,document_type,NO,'other'::document_type
column,documents,name,6,text,NO,null
column,documents,description,7,text,YES,null
column,documents,storage_bucket,8,text,NO,'documents'::text
column,documents,storage_path,9,text,NO,null
column,documents,mime_type,10,text,YES,null
column,documents,file_size_bytes,11,bigint,YES,null
column,documents,version,12,integer,NO,1
column,documents,parent_id,13,uuid,YES,null
column,documents,is_client_visible,14,boolean,NO,false
column,documents,tags,15,_text[],NO,'{}'::text[]
column,documents,ai_summary,16,text,YES,null
column,documents,uploaded_by,17,uuid,YES,null
column,documents,created_at,18,timestamp with time zone,NO,now()
column,documents,updated_at,19,timestamp with time zone,NO,now()
column,draw_requests,id,1,uuid,NO,gen_random_uuid()
column,draw_requests,draw_schedule_id,2,uuid,NO,null
column,draw_requests,tenant_id,3,uuid,NO,null
column,draw_requests,job_id,4,uuid,NO,null
column,draw_requests,number,5,integer,NO,null
column,draw_requests,status,6,draw_status,NO,'draft'::draw_status
column,draw_requests,amount_requested_cents,7,bigint,NO,0
column,draw_requests,amount_approved_cents,8,bigint,NO,0
column,draw_requests,amount_funded_cents,9,bigint,NO,0
column,draw_requests,percent_complete_at_draw,10,integer,YES,null
column,draw_requests,submitted_at,11,timestamp with time zone,YES,null
column,draw_requests,approved_at,12,timestamp with time zone,YES,null
column,draw_requests,funded_at,13,timestamp with time zone,YES,null
column,draw_requests,lender_reference,14,text,YES,null
column,draw_requests,notes,15,text,YES,null
column,draw_requests,pdf_document_id,16,uuid,YES,null
column,draw_requests,created_by,17,uuid,YES,null
column,draw_requests,created_at,18,timestamp with time zone,NO,now()
column,draw_schedules,id,1,uuid,NO,gen_random_uuid()
column,draw_schedules,tenant_id,2,uuid,NO,null
column,draw_schedules,job_id,3,uuid,NO,null
column,draw_schedules,lender_name,4,text,YES,null
column,draw_schedules,lender_contact,5,text,YES,null
column,draw_schedules,lender_email,6,text,YES,null
column,draw_schedules,loan_amount_cents,7,bigint,YES,null
column,draw_schedules,holdback_pct,8,numeric,NO,10
column,draw_schedules,created_at,9,timestamp with time zone,NO,now()
column,estimate_line_items,id,1,uuid,NO,gen_random_uuid()
column,estimate_line_items,estimate_id,2,uuid,NO,null
column,estimate_line_items,section_id,3,uuid,YES,null
column,estimate_line_items,tenant_id,4,uuid,NO,null
column,estimate_line_items,template_id,5,uuid,YES,null
column,estimate_line_items,account_id,6,uuid,YES,null
column,estimate_line_items,description,7,text,NO,null
column,estimate_line_items,quantity,8,numeric,NO,1
column,estimate_line_items,unit,9,text,NO,'ls'::text
column,estimate_line_items,unit_cost_cents,10,bigint,NO,0
column,estimate_line_items,markup_pct,11,numeric,NO,0
column,estimate_line_items,unit_price_cents,12,bigint,NO,0
column,estimate_line_items,total_cents,13,bigint,NO,0
column,estimate_line_items,csi_division,14,text,YES,null
column,estimate_line_items,trade,15,text,YES,null
column,estimate_line_items,is_allowance,16,boolean,NO,false
column,estimate_line_items,is_optional,17,boolean,NO,false
column,estimate_line_items,sequence,18,integer,NO,0
column,estimate_line_items,notes,19,text,YES,null
column,estimate_line_items,created_at,20,timestamp with time zone,NO,now()
column,estimate_line_items,updated_at,21,timestamp with time zone,NO,now()
column,estimate_sections,id,1,uuid,NO,gen_random_uuid()
column,estimate_sections,estimate_id,2,uuid,NO,null
column,estimate_sections,tenant_id,3,uuid,NO,null
column,estimate_sections,name,4,text,NO,null
column,estimate_sections,csi_division,5,text,YES,null
column,estimate_sections,sequence,6,integer,NO,0
column,estimate_sections,subtotal_cents,7,bigint,NO,0
column,estimate_sections,notes,8,text,YES,null
column,estimate_sections,created_at,9,timestamp with time zone,NO,now()
column,estimates,id,1,uuid,NO,gen_random_uuid()
column,estimates,tenant_id,2,uuid,NO,null
column,estimates,job_id,3,uuid,YES,null
column,estimates,customer_id,4,uuid,YES,null
column,estimates,number,5,text,NO,null
column,estimates,name,6,text,NO,null
column,estimates,status,7,estimate_status,NO,'draft'::estimate_status
column,estimates,version,8,integer,NO,1
column,estimates,parent_id,9,uuid,YES,null
column,estimates,subtotal_cents,10,bigint,NO,0
column,estimates,overhead_pct,11,numeric,NO,0
column,estimates,overhead_cents,12,bigint,NO,0
column,estimates,profit_pct,13,numeric,NO,0
column,estimates,profit_cents,14,bigint,NO,0
column,estimates,tax_pct,15,numeric,NO,0
column,estimates,tax_cents,16,bigint,NO,0
column,estimates,total_cents,17,bigint,NO,0
column,estimates,margin_pct,18,numeric,YES,null
column,estimates,valid_until,19,date,YES,null
column,estimates,sent_at,20,timestamp with time zone,YES,null
column,estimates,viewed_at,21,timestamp with time zone,YES,null
column,estimates,approved_at,22,timestamp with time zone,YES,null
column,estimates,rejected_at,23,timestamp with time zone,YES,null
column,estimates,signature_document_id,24,uuid,YES,null
column,estimates,notes,25,text,YES,null
column,estimates,internal_notes,26,text,YES,null
column,estimates,created_by,27,uuid,YES,null
column,estimates,created_at,28,timestamp with time zone,NO,now()
column,estimates,updated_at,29,timestamp with time zone,NO,now()
column,expense_items,id,1,uuid,NO,gen_random_uuid()
column,expense_items,tenant_id,2,uuid,NO,null
column,expense_items,expense_id,3,uuid,NO,null
column,expense_items,description,4,text,NO,''::text
column,expense_items,amount_cents,5,integer,NO,0
column,expense_items,account_id,6,uuid,YES,null
column,expense_items,job_id,7,uuid,YES,null
column,expense_items,sort_order,8,integer,NO,0
column,expenses,id,1,uuid,NO,gen_random_uuid()
column,expenses,tenant_id,2,uuid,NO,null
column,expenses,expense_number,3,text,NO,null
column,expenses,vendor_id,4,uuid,YES,null
column,expenses,job_id,5,uuid,YES,null
column,expenses,expense_date,6,date,NO,null
column,expenses,total_cents,7,integer,NO,0
column,expenses,payment_method,8,text,NO,null
column,expenses,reference_number,9,text,NO,''::text
column,expenses,status,10,text,NO,'Draft'::text
column,expenses,receipt_url,11,text,NO,''::text
column,expenses,notes,12,text,NO,''::text
column,expenses,journal_entry_id,13,uuid,YES,null
column,expenses,created_at,14,timestamp with time zone,NO,now()
column,expenses,updated_at,15,timestamp with time zone,NO,now()
column,gps_checkins,id,1,uuid,NO,gen_random_uuid()
column,gps_checkins,tenant_id,2,uuid,NO,null
column,gps_checkins,job_id,3,uuid,NO,null
column,gps_checkins,project_id,4,uuid,YES,null
column,gps_checkins,user_id,5,uuid,NO,null
column,gps_checkins,latitude,6,numeric,YES,null
column,gps_checkins,longitude,7,numeric,YES,null
column,gps_checkins,accuracy_meters,8,numeric,YES,null
column,gps_checkins,checked_in_at,9,timestamp with time zone,NO,now()
column,gps_checkins,checked_out_at,10,timestamp with time zone,YES,null
column,gps_checkins,device_id,11,text,YES,null
column,gps_checkins,note,12,text,YES,null
column,invoice_items,id,1,uuid,NO,gen_random_uuid()
column,invoice_items,tenant_id,2,uuid,NO,null
column,invoice_items,invoice_id,3,uuid,NO,null
column,invoice_items,description,4,text,NO,''::text
column,invoice_items,quantity,5,numeric,NO,1
column,invoice_items,unit,6,text,NO,'LS'::text
column,invoice_items,unit_price_cents,7,integer,NO,0
column,invoice_items,amount_cents,8,integer,NO,0
column,invoice_items,sort_order,9,integer,NO,0
column,invoice_items,account_id,10,uuid,YES,null
column,invoice_items,linked_expense_item_id,11,uuid,YES,null
column,invoices,id,1,uuid,NO,gen_random_uuid()
column,invoices,tenant_id,2,uuid,NO,null
column,invoices,invoice_number,3,text,NO,null
column,invoices,customer_id,4,uuid,NO,null
column,invoices,job_id,5,uuid,YES,null
column,invoices,invoice_date,6,date,NO,null
column,invoices,due_date,7,date,NO,null
column,invoices,status,8,text,NO,'Draft'::text
column,invoices,subtotal_cents,9,integer,NO,0
column,invoices,tax_rate_basis_points,10,integer,NO,0
column,invoices,tax_amount_cents,11,integer,NO,0
column,invoices,total_cents,12,integer,NO,0
column,invoices,amount_paid_cents,13,integer,NO,0
column,invoices,balance_due_cents,14,integer,NO,0
column,invoices,notes,15,text,NO,''::text
column,invoices,internal_notes,16,text,NO,''::text
column,invoices,journal_entry_id,17,uuid,YES,null
column,invoices,created_at,18,timestamp with time zone,NO,now()
column,invoices,updated_at,19,timestamp with time zone,NO,now()
column,invoices,stripe_session_id,20,text,YES,null
column,invoices,stripe_payment_url,21,text,YES,null
column,invoices,sent_at,22,timestamp with time zone,YES,null
column,invoices,paid_at,23,timestamp with time zone,YES,null
column,invoices,milestone_id,24,uuid,YES,null
column,invoices,draw_request_id,25,uuid,YES,null
column,invoices,stripe_payment_intent_id,26,text,YES,null
column,invoices,payment_instructions,27,text,YES,null
column,invoices,pdf_document_id,28,uuid,YES,null
column,job_change_orders,id,1,uuid,NO,gen_random_uuid()
column,job_change_orders,tenant_id,2,uuid,NO,null
column,job_change_orders,job_id,3,uuid,NO,null
column,job_change_orders,co_number,4,text,NO,null
column,job_change_orders,description,5,text,NO,''::text
column,job_change_orders,amount_cents,6,integer,NO,0
column,job_change_orders,date_submitted,7,date,YES,null
column,job_change_orders,date_approved,8,date,YES,null
column,job_change_orders,status,9,text,NO,'Pending'::text
column,job_change_orders,notes,10,text,NO,''::text
column,job_change_orders,created_at,11,timestamp with time zone,NO,now()
column,job_change_orders,title,12,text,YES,null
column,job_change_orders,reason,13,text,YES,null
column,job_change_orders,markup_pct,14,numeric,YES,0
column,job_change_orders,schedule_impact_days,15,integer,YES,0
column,job_change_orders,client_viewed_at,16,timestamp with time zone,YES,null
column,job_change_orders,approved_at,17,timestamp with time zone,YES,null
column,job_change_orders,rejected_at,18,timestamp with time zone,YES,null
column,job_change_orders,requested_by_user_id,19,uuid,YES,null
column,job_change_orders,approved_by_user_id,20,uuid,YES,null
column,job_change_orders,signature_document_id,21,uuid,YES,null
column,job_change_orders,ai_drafted,22,boolean,NO,false
column,job_change_orders,updated_at,23,timestamp with time zone,YES,null
column,jobs,id,1,uuid,NO,gen_random_uuid()
column,jobs,tenant_id,2,uuid,NO,null
column,jobs,job_number,3,text,NO,null
column,jobs,job_name,4,text,NO,null
column,jobs,customer_id,5,uuid,NO,null
column,jobs,status,6,text,NO,'Estimate'::text
column,jobs,job_type,7,text,NO,'General'::text
column,jobs,start_date,8,date,YES,null
column,jobs,end_date,9,date,YES,null
column,jobs,contract_amount_cents,10,integer,NO,0
column,jobs,description,11,text,NO,''::text
column,jobs,job_address,12,text,NO,''::text
column,jobs,notes,13,text,NO,''::text
column,jobs,created_at,14,timestamp with time zone,NO,now()
column,jobs,updated_at,15,timestamp with time zone,NO,now()
column,jobs,project_type,16,text,YES,null
column,jobs,address_line1,17,text,YES,null
column,jobs,address_line2,18,text,YES,null
column,jobs,city,19,text,YES,null
column,jobs,state,20,text,YES,'CA'::text
column,jobs,zip,21,text,YES,null
column,jobs,apn,22,text,YES,null
column,jobs,target_completion,23,date,YES,null
column,jobs,actual_completion,24,date,YES,null
column,jobs,contract_value_cents,25,bigint,YES,null
column,jobs,current_contract_cents,26,bigint,YES,null
column,jobs,permit_number,27,text,YES,null
column,jobs,permit_issued_date,28,date,YES,null
column,jobs,permit_expiry_date,29,date,YES,null
column,jobs,has_construction_loan,30,boolean,NO,false
column,jobs,lender_name,31,text,YES,null
column,jobs,loan_amount_cents,32,bigint,YES,null
column,jobs,pm_user_id,33,uuid,YES,null
column,jobs,superintendent_user_id,34,uuid,YES,null
column,jobs,package_name,35,text,YES,null
column,jobs,tags,36,_text[],NO,'{}'::text[]
column,jobs,internal_notes,37,text,YES,null
column,journal_entries,id,1,uuid,NO,gen_random_uuid()
column,journal_entries,tenant_id,2,uuid,NO,null
column,journal_entries,entry_number,3,text,NO,null
column,journal_entries,entry_date,4,date,NO,null
column,journal_entries,description,5,text,NO,''::text
column,journal_entries,source_type,6,text,NO,null
column,journal_entries,source_record_id,7,uuid,YES,null
column,journal_entries,is_balanced,8,boolean,NO,false
column,journal_entries,total_debits_cents,9,integer,NO,0
column,journal_entries,total_credits_cents,10,integer,NO,0
column,journal_entries,notes,11,text,NO,''::text
column,journal_entries,created_at,12,timestamp with time zone,NO,now()
column,journal_lines,id,1,uuid,NO,gen_random_uuid()
column,journal_lines,tenant_id,2,uuid,NO,null
column,journal_lines,journal_entry_id,3,uuid,NO,null
column,journal_lines,account_id,4,uuid,YES,null
column,journal_lines,account_number,5,integer,NO,0
column,journal_lines,account_name,6,text,NO,''::text
column,journal_lines,account_type,7,text,NO,''::text
column,journal_lines,normal_balance,8,text,NO,'Debit'::text
column,journal_lines,debit_cents,9,integer,NO,0
column,journal_lines,credit_cents,10,integer,NO,0
column,journal_lines,description,11,text,NO,''::text
column,journal_lines,entry_date,12,date,NO,null
column,journal_lines,source_type,13,text,NO,''::text
column,journal_lines,job_id,14,uuid,YES,null
column,lien_waivers,id,1,uuid,NO,gen_random_uuid()
column,lien_waivers,tenant_id,2,uuid,NO,null
column,lien_waivers,project_id,3,uuid,NO,null
column,lien_waivers,subcontractor_id,4,uuid,NO,null
column,lien_waivers,type,5,lien_waiver_type,NO,null
column,lien_waivers,amount_cents,6,bigint,NO,null
column,lien_waivers,through_date,7,date,NO,null
column,lien_waivers,received_at,8,timestamp with time zone,YES,null
column,lien_waivers,document_id,9,uuid,YES,null
column,lien_waivers,purchase_order_id,10,uuid,YES,null
column,lien_waivers,created_at,11,timestamp with time zone,NO,now()
column,line_item_templates,id,1,uuid,NO,gen_random_uuid()
column,line_item_templates,tenant_id,2,uuid,YES,null
column,line_item_templates,name,3,text,NO,null
column,line_item_templates,description,4,text,YES,null
column,line_item_templates,unit,5,text,NO,'ls'::text
column,line_item_templates,default_unit_cost,6,bigint,NO,0
column,line_item_templates,default_markup_pct,7,numeric,NO,0
column,line_item_templates,csi_division,8,text,YES,null
column,line_item_templates,trade,9,text,YES,null
column,line_item_templates,default_account_id,10,uuid,YES,null
column,line_item_templates,tags,11,_text[],NO,'{}'::text[]
column,line_item_templates,is_active,12,boolean,NO,true
column,line_item_templates,created_at,13,timestamp with time zone,NO,now()
column,line_item_templates,updated_at,14,timestamp with time zone,NO,now()
column,message_threads,id,1,uuid,NO,gen_random_uuid()
column,message_threads,tenant_id,2,uuid,NO,null
column,message_threads,project_id,3,uuid,NO,null
column,message_threads,type,4,thread_type,NO,'general'::thread_type
column,message_threads,subject,5,text,NO,null
column,message_threads,participant_ids,6,_uuid[],NO,'{}'::uuid[]
column,message_threads,is_client_visible,7,boolean,NO,false
column,message_threads,linked_record_id,8,uuid,YES,null
column,message_threads,created_by,9,uuid,YES,null
column,message_threads,created_at,10,timestamp with time zone,NO,now()
column,message_threads,updated_at,11,timestamp with time zone,NO,now()
column,messages,id,1,uuid,NO,gen_random_uuid()
column,messages,thread_id,2,uuid,NO,null
column,messages,tenant_id,3,uuid,NO,null
column,messages,sender_id,4,uuid,NO,null
column,messages,body,5,text,NO,null
column,messages,attachment_ids,6,_uuid[],NO,'{}'::uuid[]
column,messages,read_by,7,jsonb,NO,'{}'::jsonb
column,messages,is_system_message,8,boolean,NO,false
column,messages,created_at,9,timestamp with time zone,NO,now()
column,milestones,id,1,uuid,NO,gen_random_uuid()
column,milestones,project_id,2,uuid,NO,null
column,milestones,tenant_id,3,uuid,NO,null
column,milestones,phase_id,4,uuid,YES,null
column,milestones,name,5,text,NO,null
column,milestones,description,6,text,YES,null
column,milestones,due_date,7,date,YES,null
column,milestones,completed_date,8,date,YES,null
column,milestones,status,9,phase_status,NO,'not_started'::phase_status
column,milestones,sequence,10,integer,NO,0
column,milestones,is_client_visible,11,boolean,NO,true
column,milestones,requires_client_approval,12,boolean,NO,false
column,milestones,client_approved_at,13,timestamp with time zone,YES,null
column,milestones,client_approved_by,14,uuid,YES,null
column,milestones,triggers_draw_request,15,boolean,NO,false
column,milestones,triggers_invoice,16,boolean,NO,false
column,milestones,linked_draw_id,17,uuid,YES,null
column,milestones,linked_invoice_id,18,uuid,YES,null
column,milestones,created_at,19,timestamp with time zone,NO,now()
column,milestones,updated_at,20,timestamp with time zone,NO,now()
column,notification_templates,id,1,uuid,NO,gen_random_uuid()
column,notification_templates,tenant_id,2,uuid,YES,null
column,notification_templates,slug,3,text,NO,null
column,notification_templates,channel,4,text,NO,null
column,notification_templates,subject,5,text,YES,null
column,notification_templates,body,6,text,NO,null
column,notification_templates,is_active,7,boolean,NO,true
column,notification_templates,created_at,8,timestamp with time zone,NO,now()
column,notifications,id,1,uuid,NO,gen_random_uuid()
column,notifications,tenant_id,2,uuid,NO,null
column,notifications,user_id,3,uuid,NO,null
column,notifications,type,4,text,NO,null
column,notifications,title,5,text,NO,null
column,notifications,body,6,text,YES,null
column,notifications,data,7,jsonb,NO,'{}'::jsonb
column,notifications,action_url,8,text,YES,null
column,notifications,read_at,9,timestamp with time zone,YES,null
column,notifications,dismissed_at,10,timestamp with time zone,YES,null
column,notifications,sms_sent_at,11,timestamp with time zone,YES,null
column,notifications,email_sent_at,12,timestamp with time zone,YES,null
column,notifications,created_at,13,timestamp with time zone,NO,now()
column,payments,id,1,uuid,NO,gen_random_uuid()
column,payments,tenant_id,2,uuid,NO,null
column,payments,invoice_id,3,uuid,NO,null
column,payments,payment_date,4,date,NO,null
column,payments,amount_cents,5,integer,NO,null
column,payments,payment_method,6,text,NO,null
column,payments,reference_number,7,text,NO,''::text
column,payments,deposit_account_id,8,uuid,YES,null
column,payments,notes,9,text,NO,''::text
column,payments,journal_entry_id,10,uuid,YES,null
column,payments,created_at,11,timestamp with time zone,NO,now()
column,project_members,id,1,uuid,NO,gen_random_uuid()
column,project_members,project_id,2,uuid,NO,null
column,project_members,tenant_id,3,uuid,NO,null
column,project_members,user_id,4,uuid,NO,null
column,project_members,role,5,text,NO,null
column,project_members,created_at,6,timestamp with time zone,NO,now()
column,project_phases,id,1,uuid,NO,gen_random_uuid()
column,project_phases,project_id,2,uuid,NO,null
column,project_phases,tenant_id,3,uuid,NO,null
column,project_phases,name,4,text,NO,null
column,project_phases,sequence,5,integer,NO,null
column,project_phases,start_date,6,date,YES,null
column,project_phases,end_date,7,date,YES,null
column,project_phases,status,8,phase_status,NO,'not_started'::phase_status
column,project_phases,color,9,text,YES,null
column,project_phases,description,10,text,YES,null
column,project_phases,created_at,11,timestamp with time zone,NO,now()
column,project_phases,updated_at,12,timestamp with time zone,NO,now()
column,project_templates,id,1,uuid,NO,gen_random_uuid()
column,project_templates,tenant_id,2,uuid,YES,null
column,project_templates,name,3,text,NO,null
column,project_templates,project_type,4,text,NO,null
column,project_templates,description,5,text,YES,null
column,project_templates,is_active,6,boolean,NO,true
column,project_templates,created_at,7,timestamp with time zone,NO,now()
column,projects,id,1,uuid,NO,gen_random_uuid()
column,projects,tenant_id,2,uuid,NO,null
column,projects,job_id,3,uuid,NO,null
column,projects,created_by,4,uuid,YES,null
column,projects,created_at,5,timestamp with time zone,NO,now()
column,projects,updated_at,6,timestamp with time zone,NO,now()
column,punch_list_items,id,1,uuid,NO,gen_random_uuid()
column,punch_list_items,tenant_id,2,uuid,NO,null
column,punch_list_items,project_id,3,uuid,NO,null
column,punch_list_items,title,4,text,NO,null
column,punch_list_items,description,5,text,YES,null
column,punch_list_items,location,6,text,YES,null
column,punch_list_items,trade,7,text,YES,null
column,punch_list_items,assigned_to,8,uuid,YES,null
column,punch_list_items,subcontractor_id,9,uuid,YES,null
column,punch_list_items,priority,10,punch_priority,NO,'normal'::punch_priority
column,punch_list_items,status,11,punch_status,NO,'open'::punch_status
column,punch_list_items,due_date,12,date,YES,null
column,punch_list_items,closed_at,13,timestamp with time zone,YES,null
column,punch_list_items,photo_ids,14,_uuid[],NO,'{}'::uuid[]
column,punch_list_items,created_by,15,uuid,YES,null
column,punch_list_items,created_at,16,timestamp with time zone,NO,now()
column,punch_list_items,updated_at,17,timestamp with time zone,NO,now()
column,purchase_orders,id,1,uuid,NO,gen_random_uuid()
column,purchase_orders,tenant_id,2,uuid,NO,null
column,purchase_orders,job_id,3,uuid,NO,null
column,purchase_orders,subcontractor_id,4,uuid,YES,null
column,purchase_orders,vendor_id,5,uuid,YES,null
column,purchase_orders,subcontract_id,6,uuid,YES,null
column,purchase_orders,budget_line_item_id,7,uuid,YES,null
column,purchase_orders,number,8,text,NO,null
column,purchase_orders,status,9,po_status,NO,'draft'::po_status
column,purchase_orders,description,10,text,NO,null
column,purchase_orders,scope_of_work,11,text,YES,null
column,purchase_orders,total_cents,12,bigint,NO,0
column,purchase_orders,retention_pct,13,numeric,NO,0
column,purchase_orders,start_date,14,date,YES,null
column,purchase_orders,end_date,15,date,YES,null
column,purchase_orders,issued_at,16,timestamp with time zone,YES,null
column,purchase_orders,acknowledged_at,17,timestamp with time zone,YES,null
column,purchase_orders,notes,18,text,YES,null
column,purchase_orders,document_id,19,uuid,YES,null
column,purchase_orders,created_by,20,uuid,YES,null
column,purchase_orders,created_at,21,timestamp with time zone,NO,now()
column,purchase_orders,updated_at,22,timestamp with time zone,NO,now()
column,retainage_releases,id,1,uuid,NO,gen_random_uuid()
column,retainage_releases,tenant_id,2,uuid,NO,null
column,retainage_releases,purchase_order_id,3,uuid,NO,null
column,retainage_releases,amount_cents,4,bigint,NO,null
column,retainage_releases,released_at,5,date,NO,null
column,retainage_releases,expense_id,6,uuid,YES,null
column,retainage_releases,notes,7,text,YES,null
column,retainage_releases,created_at,8,timestamp with time zone,NO,now()
column,rfis,id,1,uuid,NO,gen_random_uuid()
column,rfis,tenant_id,2,uuid,NO,null
column,rfis,project_id,3,uuid,NO,null
column,rfis,number,4,integer,NO,null
column,rfis,subject,5,text,NO,null
column,rfis,question,6,text,NO,null
column,rfis,answer,7,text,YES,null
column,rfis,status,8,rfi_status,NO,'draft'::rfi_status
column,rfis,priority,9,text,NO,'normal'::text
column,rfis,submitted_by,10,uuid,YES,null
column,rfis,assigned_to,11,uuid,YES,null
column,rfis,due_date,12,date,YES,null
column,rfis,submitted_at,13,timestamp with time zone,YES,null
column,rfis,answered_at,14,timestamp with time zone,YES,null
column,rfis,cost_impact_cents,15,bigint,YES,null
column,rfis,schedule_impact_days,16,integer,YES,null
column,rfis,document_ids,17,_uuid[],NO,'{}'::uuid[]
column,rfis,created_at,18,timestamp with time zone,NO,now()
column,rfis,updated_at,19,timestamp with time zone,NO,now()
column,schedule_items,id,1,uuid,NO,gen_random_uuid()
column,schedule_items,project_id,2,uuid,NO,null
column,schedule_items,tenant_id,3,uuid,NO,null
column,schedule_items,phase_id,4,uuid,YES,null
column,schedule_items,milestone_id,5,uuid,YES,null
column,schedule_items,type,6,schedule_item_type,NO,'task'::schedule_item_type
column,schedule_items,name,7,text,NO,null
column,schedule_items,description,8,text,YES,null
column,schedule_items,planned_start,9,date,YES,null
column,schedule_items,planned_end,10,date,YES,null
column,schedule_items,actual_start,11,date,YES,null
column,schedule_items,actual_end,12,date,YES,null
column,schedule_items,duration_days,13,integer,YES,null
column,schedule_items,assigned_to,14,uuid,YES,null
column,schedule_items,assigned_trade,15,text,YES,null
column,schedule_items,subcontractor_id,16,uuid,YES,null
column,schedule_items,status,17,task_status,NO,'not_started'::task_status
column,schedule_items,percent_complete,18,integer,NO,0
column,schedule_items,sequence,19,integer,NO,0
column,schedule_items,indent_level,20,integer,NO,0
column,schedule_items,is_collapsed,21,boolean,NO,false
column,schedule_items,color,22,text,YES,null
column,schedule_items,created_at,23,timestamp with time zone,NO,now()
column,schedule_items,updated_at,24,timestamp with time zone,NO,now()
column,selection_categories,id,1,uuid,NO,gen_random_uuid()
column,selection_categories,tenant_id,2,uuid,NO,null
column,selection_categories,project_id,3,uuid,NO,null
column,selection_categories,phase_id,4,uuid,YES,null
column,selection_categories,budget_line_item_id,5,uuid,YES,null
column,selection_categories,name,6,text,NO,null
column,selection_categories,description,7,text,YES,null
column,selection_categories,allowance_cents,8,bigint,NO,0
column,selection_categories,status,9,selection_status,NO,'pending'::selection_status
column,selection_categories,due_date,10,date,YES,null
column,selection_categories,sequence,11,integer,NO,0
column,selection_categories,is_client_visible,12,boolean,NO,true
column,selection_categories,notes,13,text,YES,null
column,selection_categories,created_at,14,timestamp with time zone,NO,now()
column,selection_categories,updated_at,15,timestamp with time zone,NO,now()
column,selection_options,id,1,uuid,NO,gen_random_uuid()
column,selection_options,category_id,2,uuid,NO,null
column,selection_options,name,3,text,NO,null
column,selection_options,description,4,text,YES,null
column,selection_options,sku,5,text,YES,null
column,selection_options,vendor,6,text,YES,null
column,selection_options,vendor_url,7,text,YES,null
column,selection_options,unit_cost_cents,8,bigint,NO,0
column,selection_options,unit_price_cents,9,bigint,NO,0
column,selection_options,lead_time_days,10,integer,YES,null
column,selection_options,image_urls,11,_text[],NO,'{}'::text[]
column,selection_options,is_active,12,boolean,NO,true
column,selection_options,sequence,13,integer,NO,0
column,selection_options,created_at,14,timestamp with time zone,NO,now()
column,sequences,tenant_id,1,uuid,NO,null
column,sequences,name,2,text,NO,null
column,sequences,year,3,integer,NO,null
column,sequences,current,4,integer,NO,0
column,settings,id,1,uuid,NO,gen_random_uuid()
column,settings,tenant_id,2,uuid,NO,null
column,settings,display_name,3,text,NO,''::text
column,settings,legal_name,4,text,NO,''::text
column,settings,address_line1,5,text,NO,''::text
column,settings,address_line2,6,text,NO,''::text
column,settings,city,7,text,NO,''::text
column,settings,state,8,text,NO,''::text
column,settings,zip,9,text,NO,''::text
column,settings,phone,10,text,NO,''::text
column,settings,email,11,text,NO,''::text
column,settings,website,12,text,NO,''::text
column,settings,license_number,13,text,NO,''::text
column,settings,logo_url,14,text,NO,''::text
column,settings,logo_base64,15,text,NO,''::text
column,settings,updated_at,16,timestamp with time zone,NO,now()
column,subcontract_change_orders,id,1,uuid,NO,gen_random_uuid()
column,subcontract_change_orders,tenant_id,2,uuid,NO,null
column,subcontract_change_orders,subcontract_id,3,uuid,NO,null
column,subcontract_change_orders,co_number,4,text,NO,null
column,subcontract_change_orders,description,5,text,NO,''::text
column,subcontract_change_orders,amount_cents,6,integer,NO,0
column,subcontract_change_orders,date_submitted,7,date,YES,null
column,subcontract_change_orders,date_approved,8,date,YES,null
column,subcontract_change_orders,status,9,text,NO,'Pending'::text
column,subcontract_change_orders,notes,10,text,NO,''::text
column,subcontract_change_orders,created_at,11,timestamp with time zone,NO,now()
column,subcontract_invoices,id,1,uuid,NO,gen_random_uuid()
column,subcontract_invoices,tenant_id,2,uuid,NO,null
column,subcontract_invoices,subcontract_id,3,uuid,NO,null
column,subcontract_invoices,sub_invoice_number,4,text,NO,''::text
column,subcontract_invoices,invoice_date,5,date,NO,null
column,subcontract_invoices,billing_period_from,6,date,YES,null
column,subcontract_invoices,billing_period_to,7,date,YES,null
column,subcontract_invoices,milestone_description,8,text,NO,''::text
column,subcontract_invoices,amount_billed_cents,9,integer,NO,0
column,subcontract_invoices,status,10,text,NO,'Received'::text
column,subcontract_invoices,payment_date,11,date,YES,null
column,subcontract_invoices,lien_waiver_status,12,text,NO,'None'::text
column,subcontract_invoices,notes,13,text,NO,''::text
column,subcontract_invoices,lien_waiver_document_url,14,text,NO,''::text
column,subcontract_invoices,lien_waiver_document_name,15,text,NO,''::text
column,subcontract_invoices,lien_waiver_document_size,16,integer,YES,null
column,subcontract_invoices,created_at,17,timestamp with time zone,NO,now()
column,subcontract_invoices,updated_at,18,timestamp with time zone,NO,now()
column,subcontractor_trades,id,1,uuid,NO,gen_random_uuid()
column,subcontractor_trades,subcontractor_id,2,uuid,NO,null
column,subcontractor_trades,tenant_id,3,uuid,NO,null
column,subcontractor_trades,trade,4,text,NO,null
column,subcontractor_trades,is_primary,5,boolean,NO,false
column,subcontractor_trades,hourly_rate_cents,6,bigint,YES,null
column,subcontractor_trades,notes,7,text,YES,null
column,subcontractors,id,1,uuid,NO,gen_random_uuid()
column,subcontractors,tenant_id,2,uuid,NO,null
column,subcontractors,name,3,text,NO,null
column,subcontractors,contact_name,4,text,NO,''::text
column,subcontractors,email,5,text,NO,''::text
column,subcontractors,phone,6,text,NO,''::text
column,subcontractors,address,7,text,NO,''::text
column,subcontractors,license_number,8,text,NO,''::text
column,subcontractors,license_expiration,9,date,YES,null
column,subcontractors,insurance_carrier,10,text,NO,''::text
column,subcontractors,coi_expiration,11,date,YES,null
column,subcontractors,w9_on_file,12,boolean,NO,false
column,subcontractors,is_1099_eligible,13,boolean,NO,true
column,subcontractors,ein_tax_id,14,text,NO,''::text
column,subcontractors,status,15,text,NO,'Active'::text
column,subcontractors,notes,16,text,NO,''::text
column,subcontractors,created_at,17,timestamp with time zone,NO,now()
column,subcontractors,updated_at,18,timestamp with time zone,NO,now()
column,subcontractors,license_state,19,text,YES,'CA'::text
column,subcontractors,license_expiry,20,date,YES,null
column,subcontractors,insurance_policy,21,text,YES,null
column,subcontractors,insurance_expiry,22,date,YES,null
column,subcontractors,rating,23,numeric,YES,null
column,subcontractors,rating_count,24,integer,NO,0
column,subcontractors,is_preferred,25,boolean,NO,false
column,subcontracts,id,1,uuid,NO,gen_random_uuid()
column,subcontracts,tenant_id,2,uuid,NO,null
column,subcontracts,subcontractor_id,3,uuid,NO,null
column,subcontracts,job_id,4,uuid,YES,null
column,subcontracts,description,5,text,NO,''::text
column,subcontracts,reference_number,6,text,NO,''::text
column,subcontracts,execution_date,7,date,YES,null
column,subcontracts,original_value_cents,8,integer,NO,0
column,subcontracts,status,9,text,NO,'Draft'::text
column,subcontracts,notes,10,text,NO,''::text
column,subcontracts,contract_document_url,11,text,NO,''::text
column,subcontracts,contract_document_name,12,text,NO,''::text
column,subcontracts,contract_document_size,13,integer,YES,null
column,subcontracts,created_at,14,timestamp with time zone,NO,now()
column,subcontracts,updated_at,15,timestamp with time zone,NO,now()
column,submittals,id,1,uuid,NO,gen_random_uuid()
column,submittals,tenant_id,2,uuid,NO,null
column,submittals,project_id,3,uuid,NO,null
column,submittals,number,4,text,NO,null
column,submittals,title,5,text,NO,null
column,submittals,type,6,text,YES,null
column,submittals,spec_section,7,text,YES,null
column,submittals,status,8,submittal_status,NO,'draft'::submittal_status
column,submittals,revision,9,integer,NO,0
column,submittals,submitted_by,10,uuid,YES,null
column,submittals,reviewed_by,11,uuid,YES,null
column,submittals,submitted_at,12,timestamp with time zone,YES,null
column,submittals,required_by,13,date,YES,null
column,submittals,reviewed_at,14,timestamp with time zone,YES,null
column,submittals,review_notes,15,text,YES,null
column,submittals,document_ids,16,_uuid[],NO,'{}'::uuid[]
column,submittals,created_at,17,timestamp with time zone,NO,now()
column,submittals,updated_at,18,timestamp with time zone,NO,now()
column,task_dependencies,id,1,uuid,NO,gen_random_uuid()
column,task_dependencies,project_id,2,uuid,NO,null
column,task_dependencies,task_id,3,uuid,NO,null
column,task_dependencies,depends_on_id,4,uuid,NO,null
column,task_dependencies,lag_days,5,integer,NO,0
column,template_phases,id,1,uuid,NO,gen_random_uuid()
column,template_phases,template_id,2,uuid,NO,null
column,template_phases,name,3,text,NO,null
column,template_phases,sequence,4,integer,NO,null
column,template_phases,duration_days,5,integer,NO,null
column,template_tasks,id,1,uuid,NO,gen_random_uuid()
column,template_tasks,template_id,2,uuid,NO,null
column,template_tasks,phase_id,3,uuid,YES,null
column,template_tasks,name,4,text,NO,null
column,template_tasks,duration_days,5,integer,NO,null
column,template_tasks,assigned_trade,6,text,YES,null
column,template_tasks,sequence,7,integer,NO,null
column,template_tasks,indent_level,8,integer,NO,0
column,template_tasks,depends_on_sequence,9,integer,YES,null
column,tenant_members,id,1,uuid,NO,gen_random_uuid()
column,tenant_members,tenant_id,2,uuid,NO,null
column,tenant_members,user_id,3,uuid,NO,null
column,tenant_members,role,4,member_role,NO,null
column,tenant_members,is_active,5,boolean,NO,true
column,tenant_members,invited_by,6,uuid,YES,null
column,tenant_members,invited_at,7,timestamp with time zone,YES,null
column,tenant_members,accepted_at,8,timestamp with time zone,YES,null
column,tenant_members,created_at,9,timestamp with time zone,NO,now()
column,tenants,id,1,uuid,NO,gen_random_uuid()
column,tenants,name,2,text,NO,null
column,tenants,slug,3,text,NO,null
column,tenants,created_at,4,timestamp with time zone,NO,now()
column,time_entries,id,1,uuid,NO,gen_random_uuid()
column,time_entries,tenant_id,2,uuid,NO,null
column,time_entries,job_id,3,uuid,NO,null
column,time_entries,project_id,4,uuid,YES,null
column,time_entries,user_id,5,uuid,NO,null
column,time_entries,date,6,date,NO,null
column,time_entries,hours,7,numeric,NO,null
column,time_entries,trade,8,text,YES,null
column,time_entries,description,9,text,YES,null
column,time_entries,is_billable,10,boolean,NO,true
column,time_entries,expense_item_id,11,uuid,YES,null
column,time_entries,approved_by,12,uuid,YES,null
column,time_entries,approved_at,13,timestamp with time zone,YES,null
column,time_entries,created_at,14,timestamp with time zone,NO,now()
column,user_profiles,id,1,uuid,NO,null
column,user_profiles,first_name,2,text,NO,null
column,user_profiles,last_name,3,text,NO,null
column,user_profiles,email,4,text,NO,null
column,user_profiles,phone,5,text,YES,null
column,user_profiles,avatar_url,6,text,YES,null
column,user_profiles,title,7,text,YES,null
column,user_profiles,twilio_opt_in,8,boolean,NO,true
column,user_profiles,created_at,9,timestamp with time zone,NO,now()
column,user_profiles,updated_at,10,timestamp with time zone,NO,now()
column,vendors,id,1,uuid,NO,gen_random_uuid()
column,vendors,tenant_id,2,uuid,NO,null
column,vendors,vendor_name,3,text,NO,null
column,vendors,category,4,text,NO,null
column,vendors,email,5,text,NO,''::text
column,vendors,phone,6,text,NO,''::text
column,vendors,address,7,text,NO,''::text
column,vendors,default_expense_account_id,8,uuid,YES,null
column,vendors,is_active,9,boolean,NO,true
column,vendors,is_1099_required,10,boolean,NO,false
column,vendors,notes,11,text,NO,''::text
column,vendors,created_at,12,timestamp with time zone,NO,now()
column,vendors,updated_at,13,timestamp with time zone,NO,now()
column,vendors,contact_name,14,text,YES,null
column,vendors,website,15,text,YES,null
column,vendors,payment_terms,16,text,YES,'Net 30'::text
column,warranty_claims,id,1,uuid,NO,gen_random_uuid()
column,warranty_claims,tenant_id,2,uuid,NO,null
column,warranty_claims,project_id,3,uuid,NO,null
column,warranty_claims,customer_id,4,uuid,NO,null
column,warranty_claims,title,5,text,NO,null
column,warranty_claims,description,6,text,NO,null
column,warranty_claims,category,7,text,YES,null
column,warranty_claims,location,8,text,YES,null
column,warranty_claims,status,9,warranty_status,NO,'submitted'::warranty_status
column,warranty_claims,priority,10,punch_priority,NO,'normal'::punch_priority
column,warranty_claims,assigned_to,11,uuid,YES,null
column,warranty_claims,subcontractor_id,12,uuid,YES,null
column,warranty_claims,submitted_at,13,timestamp with time zone,NO,now()
column,warranty_claims,scheduled_date,14,date,YES,null
column,warranty_claims,resolved_at,15,timestamp with time zone,YES,null
column,warranty_claims,resolution_notes,16,text,YES,null
column,warranty_claims,cost_to_repair_cents,17,bigint,YES,null
column,warranty_claims,is_billable_to_sub,18,boolean,NO,false
column,warranty_claims,photo_ids,19,_uuid[],NO,'{}'::uuid[]
column,warranty_claims,created_at,20,timestamp with time zone,NO,now()
column,warranty_claims,updated_at,21,timestamp with time zone,NO,now()
enum,budget_status,draft,1,null,null,null
enum,budget_status,active,2,null,null,null
enum,budget_status,locked,3,null,null,null
enum,budget_status,closed,4,null,null,null
enum,document_type,plan,1,null,null,null
enum,document_type,permit,2,null,null,null
enum,document_type,contract,3,null,null,null
enum,document_type,change_order,4,null,null,null
enum,document_type,invoice,5,null,null,null
enum,document_type,lien_waiver,6,null,null,null
enum,document_type,w9,7,null,null,null
enum,document_type,insurance_cert,8,null,null,null
enum,document_type,photo,9,null,null,null
enum,document_type,video,10,null,null,null
enum,document_type,submittal,11,null,null,null
enum,document_type,rfi,12,null,null,null
enum,document_type,specification,13,null,null,null
enum,document_type,warranty,14,null,null,null
enum,document_type,report,15,null,null,null
enum,document_type,other,16,null,null,null
enum,draw_status,draft,1,null,null,null
enum,draw_status,submitted,2,null,null,null
enum,draw_status,lender_reviewing,3,null,null,null
enum,draw_status,approved,4,null,null,null
enum,draw_status,funded,5,null,null,null
enum,draw_status,rejected,6,null,null,null
enum,estimate_status,draft,1,null,null,null
enum,estimate_status,internal_review,2,null,null,null
enum,estimate_status,sent,3,null,null,null
enum,estimate_status,viewed,4,null,null,null
enum,estimate_status,approved,5,null,null,null
enum,estimate_status,rejected,6,null,null,null
enum,estimate_status,expired,7,null,null,null
enum,estimate_status,superseded,8,null,null,null
enum,insight_severity,info,1,null,null,null
enum,insight_severity,warning,2,null,null,null
enum,insight_severity,critical,3,null,null,null
enum,insight_type,budget_risk,1,null,null,null
enum,insight_type,schedule_risk,2,null,null,null
enum,insight_type,scope_creep,3,null,null,null
enum,insight_type,margin_alert,4,null,null,null
enum,insight_type,overdue_rfi,5,null,null,null
enum,insight_type,overdue_milestone,6,null,null,null
enum,insight_type,insurance_expiring,7,null,null,null
enum,insight_type,lien_waiver_missing,8,null,null,null
enum,insight_type,client_approval_needed,9,null,null,null
enum,insight_type,draw_request_ready,10,null,null,null
enum,insight_type,general,11,null,null,null
enum,lien_waiver_type,conditional_progress,1,null,null,null
enum,lien_waiver_type,unconditional_progress,2,null,null,null
enum,lien_waiver_type,conditional_final,3,null,null,null
enum,lien_waiver_type,unconditional_final,4,null,null,null
enum,member_role,owner,1,null,null,null
enum,member_role,admin,2,null,null,null
enum,member_role,project_manager,3,null,null,null
enum,member_role,field_super,4,null,null,null
enum,member_role,accountant,5,null,null,null
enum,member_role,subcontractor,6,null,null,null
enum,member_role,client,7,null,null,null
enum,phase_status,not_started,1,null,null,null
enum,phase_status,in_progress,2,null,null,null
enum,phase_status,complete,3,null,null,null
enum,phase_status,approved,4,null,null,null
enum,phase_status,blocked,5,null,null,null
enum,po_status,draft,1,null,null,null
enum,po_status,sent,2,null,null,null
enum,po_status,acknowledged,3,null,null,null
enum,po_status,partially_received,4,null,null,null
enum,po_status,complete,5,null,null,null
enum,po_status,void,6,null,null,null
enum,punch_priority,low,1,null,null,null
enum,punch_priority,normal,2,null,null,null
enum,punch_priority,high,3,null,null,null
enum,punch_priority,blocking,4,null,null,null
enum,punch_status,open,1,null,null,null
enum,punch_status,in_progress,2,null,null,null
enum,punch_status,ready_for_review,3,null,null,null
enum,punch_status,closed,4,null,null,null
enum,punch_status,void,5,null,null,null
enum,rfi_status,draft,1,null,null,null
enum,rfi_status,submitted,2,null,null,null
enum,rfi_status,under_review,3,null,null,null
enum,rfi_status,answered,4,null,null,null
enum,rfi_status,closed,5,null,null,null
enum,rfi_status,void,6,null,null,null
enum,schedule_item_type,task,1,null,null,null
enum,schedule_item_type,milestone,2,null,null,null
enum,schedule_item_type,phase_summary,3,null,null,null
enum,schedule_item_type,procurement,4,null,null,null
enum,selection_status,pending,1,null,null,null
enum,selection_status,client_choosing,2,null,null,null
enum,selection_status,selected,3,null,null,null
enum,selection_status,approved,4,null,null,null
enum,selection_status,ordered,5,null,null,null
enum,selection_status,received,6,null,null,null
enum,selection_status,installed,7,null,null,null
enum,signature_status,pending,1,null,null,null
enum,signature_status,viewed,2,null,null,null
enum,signature_status,signed,3,null,null,null
enum,signature_status,declined,4,null,null,null
enum,signature_status,expired,5,null,null,null
enum,submittal_status,draft,1,null,null,null
enum,submittal_status,submitted,2,null,null,null
enum,submittal_status,under_review,3,null,null,null
enum,submittal_status,approved,4,null,null,null
enum,submittal_status,approved_as_noted,5,null,null,null
enum,submittal_status,revise_and_resubmit,6,null,null,null
enum,submittal_status,rejected,7,null,null,null
enum,submittal_status,void,8,null,null,null
enum,task_status,not_started,1,null,null,null
enum,task_status,in_progress,2,null,null,null
enum,task_status,complete,3,null,null,null
enum,task_status,blocked,4,null,null,null
enum,task_status,cancelled,5,null,null,null
enum,thread_type,general,1,null,null,null
enum,thread_type,rfi,2,null,null,null
enum,thread_type,submittal,3,null,null,null
enum,thread_type,selection,4,null,null,null
enum,thread_type,change_order,5,null,null,null
enum,thread_type,daily_log,6,null,null,null
enum,thread_type,warranty,7,null,null,null
enum,thread_type,admin,8,null,null,null
enum,warranty_status,submitted,1,null,null,null
enum,warranty_status,acknowledged,2,null,null,null
enum,warranty_status,scheduled,3,null,null,null
enum,warranty_status,in_progress,4,null,null,null
enum,warranty_status,resolved,5,null,null,null
enum,warranty_status,denied,6,null,null,null
enum,warranty_status,escalated,7,null,null,null
fk,accounts,tenant_id,null,tenants.id,CASCADE,accounts_tenant_id_fkey
fk,ai_conversations,job_id,null,jobs.id,NO ACTION,ai_conversations_job_id_fkey
fk,ai_conversations,project_id,null,projects.id,NO ACTION,ai_conversations_project_id_fkey
fk,ai_conversations,tenant_id,null,tenants.id,CASCADE,ai_conversations_tenant_id_fkey
fk,ai_conversations,user_id,null,user_profiles.id,NO ACTION,ai_conversations_user_id_fkey
fk,ai_generated_content,conversation_id,null,ai_conversations.id,NO ACTION,ai_generated_content_conversation_id_fkey
fk,ai_generated_content,job_id,null,jobs.id,NO ACTION,ai_generated_content_job_id_fkey
fk,ai_generated_content,project_id,null,projects.id,NO ACTION,ai_generated_content_project_id_fkey
fk,ai_generated_content,tenant_id,null,tenants.id,CASCADE,ai_generated_content_tenant_id_fkey
fk,ai_generated_content,user_id,null,user_profiles.id,NO ACTION,ai_generated_content_user_id_fkey
fk,ai_insights,acknowledged_by,null,user_profiles.id,NO ACTION,ai_insights_acknowledged_by_fkey
fk,ai_insights,job_id,null,jobs.id,NO ACTION,ai_insights_job_id_fkey
fk,ai_insights,project_id,null,projects.id,NO ACTION,ai_insights_project_id_fkey
fk,ai_insights,tenant_id,null,tenants.id,CASCADE,ai_insights_tenant_id_fkey
fk,ai_job_runs,tenant_id,null,tenants.id,CASCADE,ai_job_runs_tenant_id_fkey
fk,audit_log,tenant_id,null,tenants.id,NO ACTION,audit_log_tenant_id_fkey
fk,audit_log,user_id,null,user_profiles.id,NO ACTION,audit_log_user_id_fkey
fk,budget_line_items,account_id,null,accounts.id,NO ACTION,budget_line_items_account_id_fkey
fk,budget_line_items,budget_id,null,budgets.id,CASCADE,budget_line_items_budget_id_fkey
fk,budget_line_items,estimate_line_item_id,null,estimate_line_items.id,NO ACTION,budget_line_items_estimate_line_item_id_fkey
fk,budget_line_items,job_id,null,jobs.id,NO ACTION,budget_line_items_job_id_fkey
fk,budget_line_items,tenant_id,null,tenants.id,CASCADE,budget_line_items_tenant_id_fkey
fk,budgets,created_by,null,user_profiles.id,NO ACTION,budgets_created_by_fkey
fk,budgets,estimate_id,null,estimates.id,NO ACTION,budgets_estimate_id_fkey
fk,budgets,job_id,null,jobs.id,CASCADE,budgets_job_id_fkey
fk,budgets,tenant_id,null,tenants.id,CASCADE,budgets_tenant_id_fkey
fk,change_order_line_items,account_id,null,accounts.id,NO ACTION,change_order_line_items_account_id_fkey
fk,change_order_line_items,budget_line_item_id,null,budget_line_items.id,NO ACTION,change_order_line_items_budget_line_item_id_fkey
fk,change_order_line_items,job_change_order_id,null,job_change_orders.id,CASCADE,change_order_line_items_job_change_order_id_fkey
fk,change_order_line_items,tenant_id,null,tenants.id,CASCADE,change_order_line_items_tenant_id_fkey
fk,client_selections,approved_by,null,user_profiles.id,NO ACTION,client_selections_approved_by_fkey
fk,client_selections,category_id,null,selection_categories.id,CASCADE,client_selections_category_id_fkey
fk,client_selections,customer_id,null,customers.id,NO ACTION,client_selections_customer_id_fkey
fk,client_selections,job_change_order_id,null,job_change_orders.id,NO ACTION,client_selections_job_change_order_id_fkey
fk,client_selections,option_id,null,selection_options.id,NO ACTION,client_selections_option_id_fkey
fk,client_selections,project_id,null,projects.id,NO ACTION,client_selections_project_id_fkey
fk,client_selections,tenant_id,null,tenants.id,CASCADE,client_selections_tenant_id_fkey
fk,customers,tenant_id,null,tenants.id,CASCADE,customers_tenant_id_fkey
fk,daily_log_photos,daily_log_id,null,daily_logs.id,CASCADE,daily_log_photos_daily_log_id_fkey
fk,daily_log_photos,document_id,null,documents.id,NO ACTION,daily_log_photos_document_id_fkey
fk,daily_logs,author_id,null,user_profiles.id,NO ACTION,daily_logs_author_id_fkey
fk,daily_logs,project_id,null,projects.id,CASCADE,daily_logs_project_id_fkey
fk,daily_logs,tenant_id,null,tenants.id,CASCADE,daily_logs_tenant_id_fkey
fk,document_embeddings,document_id,null,documents.id,CASCADE,document_embeddings_document_id_fkey
fk,document_embeddings,tenant_id,null,tenants.id,CASCADE,document_embeddings_tenant_id_fkey
fk,document_folders,parent_id,null,document_folders.id,NO ACTION,document_folders_parent_id_fkey
fk,document_folders,project_id,null,projects.id,CASCADE,document_folders_project_id_fkey
fk,document_folders,tenant_id,null,tenants.id,CASCADE,document_folders_tenant_id_fkey
fk,document_signatures,document_id,null,documents.id,CASCADE,document_signatures_document_id_fkey
fk,document_signatures,signer_id,null,user_profiles.id,NO ACTION,document_signatures_signer_id_fkey
fk,document_signatures,tenant_id,null,tenants.id,CASCADE,document_signatures_tenant_id_fkey
fk,documents,folder_id,null,document_folders.id,NO ACTION,documents_folder_id_fkey
fk,documents,parent_id,null,documents.id,NO ACTION,documents_parent_id_fkey
fk,documents,project_id,null,projects.id,CASCADE,documents_project_id_fkey
fk,documents,tenant_id,null,tenants.id,CASCADE,documents_tenant_id_fkey
fk,documents,uploaded_by,null,user_profiles.id,NO ACTION,documents_uploaded_by_fkey
fk,draw_requests,created_by,null,user_profiles.id,NO ACTION,draw_requests_created_by_fkey
fk,draw_requests,draw_schedule_id,null,draw_schedules.id,CASCADE,draw_requests_draw_schedule_id_fkey
fk,draw_requests,job_id,null,jobs.id,NO ACTION,draw_requests_job_id_fkey
fk,draw_requests,pdf_document_id,null,documents.id,NO ACTION,draw_requests_pdf_document_id_fkey
fk,draw_requests,tenant_id,null,tenants.id,CASCADE,draw_requests_tenant_id_fkey
fk,draw_schedules,job_id,null,jobs.id,CASCADE,draw_schedules_job_id_fkey
fk,draw_schedules,tenant_id,null,tenants.id,CASCADE,draw_schedules_tenant_id_fkey
fk,estimate_line_items,account_id,null,accounts.id,NO ACTION,estimate_line_items_account_id_fkey
fk,estimate_line_items,estimate_id,null,estimates.id,CASCADE,estimate_line_items_estimate_id_fkey
fk,estimate_line_items,section_id,null,estimate_sections.id,NO ACTION,estimate_line_items_section_id_fkey
fk,estimate_line_items,template_id,null,line_item_templates.id,NO ACTION,estimate_line_items_template_id_fkey
fk,estimate_line_items,tenant_id,null,tenants.id,CASCADE,estimate_line_items_tenant_id_fkey
fk,estimate_sections,estimate_id,null,estimates.id,CASCADE,estimate_sections_estimate_id_fkey
fk,estimate_sections,tenant_id,null,tenants.id,CASCADE,estimate_sections_tenant_id_fkey
fk,estimates,created_by,null,user_profiles.id,NO ACTION,estimates_created_by_fkey
fk,estimates,customer_id,null,customers.id,NO ACTION,estimates_customer_id_fkey
fk,estimates,job_id,null,jobs.id,NO ACTION,estimates_job_id_fkey
fk,estimates,parent_id,null,estimates.id,NO ACTION,estimates_parent_id_fkey
fk,estimates,signature_document_id,null,documents.id,NO ACTION,estimates_signature_document_id_fkey
fk,estimates,tenant_id,null,tenants.id,CASCADE,estimates_tenant_id_fkey
fk,expense_items,account_id,null,accounts.id,SET NULL,expense_items_account_id_fkey
fk,expense_items,expense_id,null,expenses.id,CASCADE,expense_items_expense_id_fkey
fk,expense_items,job_id,null,jobs.id,SET NULL,expense_items_job_id_fkey
fk,expense_items,tenant_id,null,tenants.id,CASCADE,expense_items_tenant_id_fkey
fk,expenses,job_id,null,jobs.id,SET NULL,expenses_job_id_fkey
fk,expenses,journal_entry_id,null,journal_entries.id,SET NULL,expenses_journal_entry_id_fkey
fk,expenses,tenant_id,null,tenants.id,CASCADE,expenses_tenant_id_fkey
fk,expenses,vendor_id,null,vendors.id,SET NULL,expenses_vendor_id_fkey
fk,gps_checkins,job_id,null,jobs.id,NO ACTION,gps_checkins_job_id_fkey
fk,gps_checkins,project_id,null,projects.id,NO ACTION,gps_checkins_project_id_fkey
fk,gps_checkins,tenant_id,null,tenants.id,CASCADE,gps_checkins_tenant_id_fkey
fk,gps_checkins,user_id,null,user_profiles.id,NO ACTION,gps_checkins_user_id_fkey
fk,invoice_items,account_id,null,accounts.id,SET NULL,invoice_items_account_id_fkey
fk,invoice_items,invoice_id,null,invoices.id,CASCADE,invoice_items_invoice_id_fkey
fk,invoice_items,linked_expense_item_id,null,expense_items.id,SET NULL,invoice_items_linked_expense_item_id_fkey
fk,invoice_items,tenant_id,null,tenants.id,CASCADE,invoice_items_tenant_id_fkey
fk,invoices,customer_id,null,customers.id,NO ACTION,invoices_customer_id_fkey
fk,invoices,draw_request_id,null,draw_requests.id,NO ACTION,invoices_draw_request_fkey
fk,invoices,job_id,null,jobs.id,SET NULL,invoices_job_id_fkey
fk,invoices,journal_entry_id,null,journal_entries.id,SET NULL,invoices_journal_entry_id_fkey
fk,invoices,milestone_id,null,milestones.id,NO ACTION,invoices_milestone_id_fkey
fk,invoices,pdf_document_id,null,documents.id,NO ACTION,invoices_pdf_document_fkey
fk,invoices,tenant_id,null,tenants.id,CASCADE,invoices_tenant_id_fkey
fk,job_change_orders,job_id,null,jobs.id,CASCADE,job_change_orders_job_id_fkey
fk,job_change_orders,signature_document_id,null,documents.id,NO ACTION,jco_signature_document_fkey
fk,job_change_orders,tenant_id,null,tenants.id,CASCADE,job_change_orders_tenant_id_fkey
fk,jobs,customer_id,null,customers.id,NO ACTION,jobs_customer_id_fkey
fk,jobs,tenant_id,null,tenants.id,CASCADE,jobs_tenant_id_fkey
fk,journal_entries,tenant_id,null,tenants.id,CASCADE,journal_entries_tenant_id_fkey
fk,journal_lines,account_id,null,accounts.id,SET NULL,journal_lines_account_id_fkey
fk,journal_lines,job_id,null,jobs.id,SET NULL,journal_lines_job_id_fkey
fk,journal_lines,journal_entry_id,null,journal_entries.id,CASCADE,journal_lines_journal_entry_id_fkey
fk,journal_lines,tenant_id,null,tenants.id,CASCADE,journal_lines_tenant_id_fkey
fk,lien_waivers,document_id,null,documents.id,NO ACTION,lien_waivers_document_id_fkey
fk,lien_waivers,project_id,null,projects.id,CASCADE,lien_waivers_project_id_fkey
fk,lien_waivers,purchase_order_id,null,purchase_orders.id,NO ACTION,lien_waivers_po_fkey
fk,lien_waivers,subcontractor_id,null,subcontractors.id,NO ACTION,lien_waivers_subcontractor_id_fkey
fk,lien_waivers,tenant_id,null,tenants.id,CASCADE,lien_waivers_tenant_id_fkey
fk,line_item_templates,default_account_id,null,accounts.id,NO ACTION,line_item_templates_default_account_id_fkey
fk,line_item_templates,tenant_id,null,tenants.id,CASCADE,line_item_templates_tenant_id_fkey
fk,message_threads,created_by,null,user_profiles.id,NO ACTION,message_threads_created_by_fkey
fk,message_threads,project_id,null,projects.id,CASCADE,message_threads_project_id_fkey
fk,message_threads,tenant_id,null,tenants.id,CASCADE,message_threads_tenant_id_fkey
fk,messages,sender_id,null,user_profiles.id,NO ACTION,messages_sender_id_fkey
fk,messages,tenant_id,null,tenants.id,CASCADE,messages_tenant_id_fkey
fk,messages,thread_id,null,message_threads.id,CASCADE,messages_thread_id_fkey
fk,milestones,client_approved_by,null,user_profiles.id,NO ACTION,milestones_client_approved_by_fkey
fk,milestones,linked_draw_id,null,draw_requests.id,NO ACTION,milestones_linked_draw_fkey
fk,milestones,phase_id,null,project_phases.id,NO ACTION,milestones_phase_id_fkey
fk,milestones,project_id,null,projects.id,CASCADE,milestones_project_id_fkey
fk,milestones,tenant_id,null,tenants.id,CASCADE,milestones_tenant_id_fkey
fk,notification_templates,tenant_id,null,tenants.id,CASCADE,notification_templates_tenant_id_fkey
fk,notifications,tenant_id,null,tenants.id,CASCADE,notifications_tenant_id_fkey
fk,notifications,user_id,null,user_profiles.id,NO ACTION,notifications_user_id_fkey
fk,payments,deposit_account_id,null,accounts.id,SET NULL,payments_deposit_account_id_fkey
fk,payments,invoice_id,null,invoices.id,NO ACTION,payments_invoice_id_fkey
fk,payments,journal_entry_id,null,journal_entries.id,SET NULL,payments_journal_entry_id_fkey
fk,payments,tenant_id,null,tenants.id,CASCADE,payments_tenant_id_fkey
fk,project_members,project_id,null,projects.id,CASCADE,project_members_project_id_fkey
fk,project_members,tenant_id,null,tenants.id,CASCADE,project_members_tenant_id_fkey
fk,project_members,user_id,null,user_profiles.id,NO ACTION,project_members_user_id_fkey
fk,project_phases,project_id,null,projects.id,CASCADE,project_phases_project_id_fkey
fk,project_phases,tenant_id,null,tenants.id,CASCADE,project_phases_tenant_id_fkey
fk,project_templates,tenant_id,null,tenants.id,CASCADE,project_templates_tenant_id_fkey
fk,projects,created_by,null,user_profiles.id,NO ACTION,projects_created_by_fkey
fk,projects,job_id,null,jobs.id,NO ACTION,projects_job_id_fkey
fk,projects,tenant_id,null,tenants.id,CASCADE,projects_tenant_id_fkey
fk,punch_list_items,assigned_to,null,user_profiles.id,NO ACTION,punch_list_items_assigned_to_fkey
fk,punch_list_items,created_by,null,user_profiles.id,NO ACTION,punch_list_items_created_by_fkey
fk,punch_list_items,project_id,null,projects.id,CASCADE,punch_list_items_project_id_fkey
fk,punch_list_items,subcontractor_id,null,subcontractors.id,NO ACTION,punch_list_items_subcontractor_id_fkey
fk,punch_list_items,tenant_id,null,tenants.id,CASCADE,punch_list_items_tenant_id_fkey
fk,purchase_orders,budget_line_item_id,null,budget_line_items.id,NO ACTION,purchase_orders_budget_line_item_fkey
fk,purchase_orders,created_by,null,user_profiles.id,NO ACTION,purchase_orders_created_by_fkey
fk,purchase_orders,document_id,null,documents.id,NO ACTION,purchase_orders_document_id_fkey
fk,purchase_orders,job_id,null,jobs.id,CASCADE,purchase_orders_job_id_fkey
fk,purchase_orders,subcontract_id,null,subcontracts.id,NO ACTION,purchase_orders_subcontract_id_fkey
fk,purchase_orders,subcontractor_id,null,subcontractors.id,NO ACTION,purchase_orders_subcontractor_id_fkey
fk,purchase_orders,tenant_id,null,tenants.id,CASCADE,purchase_orders_tenant_id_fkey
fk,purchase_orders,vendor_id,null,vendors.id,NO ACTION,purchase_orders_vendor_id_fkey
fk,retainage_releases,expense_id,null,expenses.id,NO ACTION,retainage_releases_expense_id_fkey
fk,retainage_releases,purchase_order_id,null,purchase_orders.id,NO ACTION,retainage_releases_purchase_order_id_fkey
fk,retainage_releases,tenant_id,null,tenants.id,CASCADE,retainage_releases_tenant_id_fkey
fk,rfis,assigned_to,null,user_profiles.id,NO ACTION,rfis_assigned_to_fkey
fk,rfis,project_id,null,projects.id,CASCADE,rfis_project_id_fkey
fk,rfis,submitted_by,null,user_profiles.id,NO ACTION,rfis_submitted_by_fkey
fk,rfis,tenant_id,null,tenants.id,CASCADE,rfis_tenant_id_fkey
fk,schedule_items,assigned_to,null,user_profiles.id,NO ACTION,schedule_items_assigned_to_fkey
fk,schedule_items,milestone_id,null,milestones.id,NO ACTION,schedule_items_milestone_id_fkey
fk,schedule_items,phase_id,null,project_phases.id,NO ACTION,schedule_items_phase_id_fkey
fk,schedule_items,project_id,null,projects.id,CASCADE,schedule_items_project_id_fkey
fk,schedule_items,subcontractor_id,null,subcontractors.id,NO ACTION,schedule_items_subcontractor_id_fkey
fk,schedule_items,tenant_id,null,tenants.id,CASCADE,schedule_items_tenant_id_fkey
fk,selection_categories,budget_line_item_id,null,budget_line_items.id,NO ACTION,selection_categories_budget_line_item_id_fkey
fk,selection_categories,phase_id,null,project_phases.id,NO ACTION,selection_categories_phase_id_fkey
fk,selection_categories,project_id,null,projects.id,CASCADE,selection_categories_project_id_fkey
fk,selection_categories,tenant_id,null,tenants.id,CASCADE,selection_categories_tenant_id_fkey
fk,selection_options,category_id,null,selection_categories.id,CASCADE,selection_options_category_id_fkey
fk,sequences,tenant_id,null,tenants.id,CASCADE,sequences_tenant_id_fkey
fk,settings,tenant_id,null,tenants.id,CASCADE,settings_tenant_id_fkey
fk,subcontract_change_orders,subcontract_id,null,subcontracts.id,CASCADE,subcontract_change_orders_subcontract_id_fkey
fk,subcontract_change_orders,tenant_id,null,tenants.id,CASCADE,subcontract_change_orders_tenant_id_fkey
fk,subcontract_invoices,subcontract_id,null,subcontracts.id,CASCADE,subcontract_invoices_subcontract_id_fkey
fk,subcontract_invoices,tenant_id,null,tenants.id,CASCADE,subcontract_invoices_tenant_id_fkey
fk,subcontractor_trades,subcontractor_id,null,subcontractors.id,CASCADE,subcontractor_trades_subcontractor_id_fkey
fk,subcontractor_trades,tenant_id,null,tenants.id,CASCADE,subcontractor_trades_tenant_id_fkey
fk,subcontractors,tenant_id,null,tenants.id,CASCADE,subcontractors_tenant_id_fkey
fk,subcontracts,job_id,null,jobs.id,SET NULL,subcontracts_job_id_fkey
fk,subcontracts,subcontractor_id,null,subcontractors.id,NO ACTION,subcontracts_subcontractor_id_fkey
fk,subcontracts,tenant_id,null,tenants.id,CASCADE,subcontracts_tenant_id_fkey
fk,submittals,project_id,null,projects.id,CASCADE,submittals_project_id_fkey
fk,submittals,reviewed_by,null,user_profiles.id,NO ACTION,submittals_reviewed_by_fkey
fk,submittals,submitted_by,null,user_profiles.id,NO ACTION,submittals_submitted_by_fkey
fk,submittals,tenant_id,null,tenants.id,CASCADE,submittals_tenant_id_fkey
fk,task_dependencies,depends_on_id,null,schedule_items.id,CASCADE,task_dependencies_depends_on_id_fkey
fk,task_dependencies,project_id,null,projects.id,CASCADE,task_dependencies_project_id_fkey
fk,task_dependencies,task_id,null,schedule_items.id,CASCADE,task_dependencies_task_id_fkey
fk,template_phases,template_id,null,project_templates.id,CASCADE,template_phases_template_id_fkey
fk,template_tasks,phase_id,null,template_phases.id,NO ACTION,template_tasks_phase_id_fkey
fk,template_tasks,template_id,null,project_templates.id,CASCADE,template_tasks_template_id_fkey
fk,tenant_members,invited_by,null,user_profiles.id,NO ACTION,tenant_members_invited_by_fkey
fk,tenant_members,tenant_id,null,tenants.id,CASCADE,tenant_members_tenant_id_fkey
fk,tenant_members,user_id,null,user_profiles.id,CASCADE,tenant_members_user_id_fkey
fk,time_entries,approved_by,null,user_profiles.id,NO ACTION,time_entries_approved_by_fkey
fk,time_entries,expense_item_id,null,expense_items.id,NO ACTION,time_entries_expense_item_id_fkey
fk,time_entries,job_id,null,jobs.id,CASCADE,time_entries_job_id_fkey
fk,time_entries,project_id,null,projects.id,NO ACTION,time_entries_project_id_fkey
fk,time_entries,tenant_id,null,tenants.id,CASCADE,time_entries_tenant_id_fkey
fk,time_entries,user_id,null,user_profiles.id,NO ACTION,time_entries_user_id_fkey
fk,vendors,default_expense_account_id,null,accounts.id,SET NULL,vendors_default_expense_account_id_fkey
fk,vendors,tenant_id,null,tenants.id,CASCADE,vendors_tenant_id_fkey
fk,warranty_claims,assigned_to,null,user_profiles.id,NO ACTION,warranty_claims_assigned_to_fkey
fk,warranty_claims,customer_id,null,customers.id,NO ACTION,warranty_claims_customer_id_fkey
fk,warranty_claims,project_id,null,projects.id,CASCADE,warranty_claims_project_id_fkey
fk,warranty_claims,subcontractor_id,null,subcontractors.id,NO ACTION,warranty_claims_subcontractor_id_fkey
fk,warranty_claims,tenant_id,null,tenants.id,CASCADE,warranty_claims_tenant_id_fkey